time,altitude,apoapsis,periapsis,speed,mass,thrust,stage,phase
0.10,0.01,0.01,-598436.10,0.09,209201.66,2240000.00,0,PHASE1_ASCENT
1.10,0.63,0.69,-598435.41,1.06,208288.31,2240052.40,0,PHASE1_ASCENT
2.10,2.25,2.47,-598433.70,2.08,207374.93,2240203.80,0,PHASE1_ASCENT
3.10,4.90,5.41,-598431.00,3.16,206461.50,2240458.85,0,PHASE1_ASCENT
4.10,8.65,9.58,-598427.34,4.28,205548.01,2240822.19,0,PHASE1_ASCENT
5.10,13.54,15.04,-598422.72,5.47,204634.43,2241298.42,0,PHASE1_ASCENT
6.10,19.62,21.87,-598417.14,6.71,203720.73,2241892.12,0,PHASE1_ASCENT
7.10,26.93,30.11,-598410.58,8.01,202806.90,2242607.82,0,PHASE1_ASCENT
8.10,35.53,39.86,-598403.03,9.37,201892.89,2243449.97,0,PHASE1_ASCENT
9.10,45.46,51.17,-598394.49,10.80,200978.70,2244422.98,0,PHASE1_ASCENT
10.10,56.78,64.12,-598384.93,12.29,200064.28,2245531.16,0,PHASE1_ASCENT
11.10,69.54,78.78,-598374.34,13.84,199149.61,2246778.73,0,PHASE1_ASCENT
12.10,83.79,95.23,-598362.70,15.46,198234.67,2248169.78,0,PHASE1_ASCENT
13.10,99.58,113.54,-598349.99,17.15,197319.41,2249708.29,0,PHASE1_ASCENT
14.10,116.97,133.80,-598336.19,18.91,196403.80,2251398.08,0,PHASE1_ASCENT
15.10,136.00,156.08,-598321.27,20.74,195487.83,2253242.84,0,PHASE1_ASCENT
16.10,156.72,180.45,-598305.23,22.64,194571.45,2255246.05,0,PHASE1_ASCENT
17.10,179.20,207.01,-598288.02,24.61,193654.62,2257411.01,0,PHASE1_ASCENT
18.10,203.48,235.83,-598269.63,26.65,192737.32,2259740.82,0,PHASE1_ASCENT
19.10,229.62,266.99,-598250.03,28.76,191819.52,2262238.34,0,PHASE1_ASCENT
20.10,257.66,300.58,-598229.20,30.95,190901.16,2264906.20,0,PHASE1_ASCENT
21.10,287.67,336.69,-598207.11,33.21,189982.23,2267746.76,0,PHASE1_ASCENT
22.10,319.69,375.40,-598183.73,35.55,189062.69,2270762.11,0,PHASE1_ASCENT
23.10,353.77,416.79,-598159.03,37.96,188142.49,2273954.05,0,PHASE1_ASCENT
24.10,389.98,460.96,-598132.99,40.44,187221.60,2277324.07,0,PHASE1_ASCENT
25.10,428.35,507.98,-598105.58,43.00,186300.00,2280873.34,0,PHASE1_ASCENT
26.10,468.95,557.95,-598076.76,45.63,185377.63,2284602.71,0,PHASE1_ASCENT
27.10,511.83,610.95,-598046.51,48.34,184454.46,2288512.66,0,PHASE1_ASCENT
28.10,557.03,667.08,-598014.79,51.12,183530.46,2292603.33,0,PHASE1_ASCENT
29.10,604.61,726.41,-597981.58,53.98,182605.60,2296874.48,0,PHASE1_ASCENT
30.10,654.62,789.03,-597946.83,56.91,181679.83,2301325.51,0,PHASE1_ASCENT
31.10,707.10,855.04,-597910.53,59.92,180753.12,2305955.42,0,PHASE1_ASCENT
32.10,762.12,924.51,-597872.62,63.00,179825.43,2310762.83,0,PHASE1_ASCENT
33.10,819.71,997.55,-597833.09,66.15,178896.74,2315745.97,0,PHASE1_ASCENT
34.10,879.93,1074.22,-597791.89,69.37,177967.00,2320902.66,0,PHASE1_ASCENT
35.10,942.82,1154.63,-597748.99,72.67,177036.19,2326230.35,0,PHASE1_ASCENT
36.10,1008.43,1238.85,-597704.35,76.04,176104.27,2331726.06,0,PHASE1_ASCENT
37.10,1076.81,1326.97,-597657.93,79.49,175171.21,2337386.45,0,PHASE1_ASCENT
38.10,1148.01,1419.07,-597609.70,83.00,174236.98,2343207.77,0,PHASE1_ASCENT
39.10,1222.07,1515.25,-597559.60,86.59,173301.55,2349185.92,0,PHASE1_ASCENT
40.10,1299.04,1615.59,-597507.60,90.25,172364.90,2355316.41,0,PHASE1_ASCENT
41.10,1378.96,1720.17,-597453.65,93.97,171426.99,2361594.39,0,PHASE1_ASCENT
42.10,1461.88,1829.08,-597397.70,97.77,170487.80,2368014.66,0,PHASE1_ASCENT
43.10,1547.84,1942.41,-597339.72,101.64,169547.31,2374571.70,0,PHASE1_ASCENT
44.10,1636.88,2060.24,-597279.64,105.58,168605.49,2381259.65,0,PHASE1_ASCENT
45.10,1729.06,2182.65,-597217.40,109.59,167662.32,2388072.38,0,PHASE1_ASCENT
46.10,1824.40,2309.75,-597152.97,113.67,166717.78,2395003.45,0,PHASE1_ASCENT
47.10,1922.97,2441.61,-597086.27,117.82,165771.85,2402046.16,0,PHASE1_ASCENT
48.10,2024.78,2577.55,-597017.68,121.97,164829.25,2348963.49,0,PHASE1_ASCENT
49.10,2129.63,2715.03,-596948.51,125.92,163904.22,2356012.00,0,PHASE1_ASCENT
50.10,2237.48,2857.00,-596876.94,129.94,162977.78,2363126.05,0,PHASE1_ASCENT
51.10,2348.38,3003.55,-596802.89,134.03,162049.95,2370299.85,0,PHASE1_ASCENT
52.10,2462.36,3154.79,-596726.31,138.20,161120.71,2377527.43,0,PHASE1_ASCENT
53.10,2579.47,3310.80,-596647.10,142.45,160190.05,2384802.73,0,PHASE1_ASCENT
54.10,2699.76,3471.71,-596565.21,146.77,159257.97,2392119.54,0,PHASE1_ASCENT
55.10,2823.29,3637.60,-596480.53,151.17,158324.47,2399471.56,0,PHASE1_ASCENT
56.10,2950.08,3808.60,-596392.97,155.65,157389.55,2406852.41,0,PHASE1_ASCENT
57.10,3080.20,3984.82,-596302.46,160.21,156453.20,2414255.63,0,PHASE1_ASCENT
58.10,3213.70,4166.37,-596208.87,164.85,155515.43,2421674.73,0,PHASE1_ASCENT
59.10,3350.62,4353.37,-596112.09,169.57,154576.24,2429103.18,0,PHASE1_ASCENT
60.10,3491.01,4545.95,-596012.03,174.37,153635.62,2436534.44,0,PHASE1_ASCENT
61.10,3634.92,4744.25,-595908.54,179.26,152693.60,2443961.97,0,PHASE1_ASCENT
62.10,3782.41,4948.40,-595801.50,184.23,151750.16,2451379.23,0,PHASE1_ASCENT
63.10,3933.53,5158.54,-595690.76,189.29,150805.33,2458779.75,0,PHASE1_ASCENT
64.10,4088.33,5374.82,-595576.18,194.45,149859.10,2466157.08,0,PHASE1_ASCENT
65.10,4246.88,5597.40,-595457.60,199.69,148911.49,2473504.84,0,PHASE1_ASCENT
66.10,4409.22,5826.44,-595334.84,205.03,147962.51,2480816.73,0,PHASE1_ASCENT
67.10,4575.41,6062.10,-595207.74,210.47,147012.16,2488086.55,0,PHASE1_ASCENT
68.10,4745.53,6304.58,-595076.09,216.01,146060.46,2495308.19,0,PHASE1_ASCENT
69.10,4919.62,6554.06,-594939.70,221.65,145107.43,2502475.66,0,PHASE1_ASCENT
70.10,5097.75,6810.73,-594798.34,227.40,144153.08,2509583.11,0,PHASE1_ASCENT
71.10,5279.99,7074.80,-594651.80,233.26,143197.42,2516624.82,0,PHASE1_ASCENT
72.10,5466.40,7346.49,-594499.83,239.23,142240.47,2523595.22,0,PHASE1_ASCENT
73.10,5657.05,7626.02,-594342.16,245.32,141282.25,2530488.92,0,PHASE1_ASCENT
74.10,5852.03,7913.64,-594178.54,251.53,140322.78,2537300.67,0,PHASE1_ASCENT
75.10,6051.39,8209.60,-594008.66,257.86,139362.07,2544025.43,0,PHASE1_ASCENT
76.10,6255.21,8514.16,-593832.22,264.32,138400.15,2550658.32,0,PHASE1_ASCENT
77.10,6463.58,8827.60,-593648.90,270.92,137437.03,2557194.67,0,PHASE1_ASCENT
78.10,6676.58,9150.22,-593458.34,277.65,136472.74,2563630.03,0,PHASE1_ASCENT
79.10,6894.28,9482.32,-593260.19,284.52,135507.30,2569960.12,0,PHASE1_ASCENT
80.10,7116.78,9824.24,-593054.06,291.54,134540.72,2576180.90,0,PHASE1_ASCENT
81.10,7344.17,10176.30,-592839.52,298.71,133573.04,2582288.55,0,PHASE1_ASCENT
82.10,7576.53,10538.89,-592616.16,306.04,132604.28,2588279.47,0,PHASE1_ASCENT
83.10,7813.97,10912.36,-592383.50,313.53,131634.46,2594150.29,0,PHASE1_ASCENT
84.10,8056.57,11297.14,-592141.05,321.18,130663.60,2599897.87,0,PHASE1_ASCENT
85.10,8304.45,11693.63,-591888.30,329.02,129691.73,2605519.32,0,PHASE1_ASCENT
86.10,8557.71,12102.28,-591624.69,337.03,128718.88,2611011.98,0,PHASE1_ASCENT
87.10,8816.45,12523.57,-591349.64,345.22,127745.06,2616373.43,0,PHASE1_ASCENT
88.10,9080.80,12957.99,-591062.54,353.61,126770.31,2621601.49,0,PHASE1_ASCENT
89.10,9350.85,13406.06,-590762.73,362.20,125794.65,2626694.24,0,PHASE1_ASCENT
90.10,9626.74,13868.33,-590449.51,370.99,124818.11,2631649.99,0,PHASE1_ASCENT
91.10,9908.58,14345.38,-590122.15,379.99,123840.71,2636467.33,0,PHASE1_ASCENT
92.10,10196.51,14837.83,-589779.87,389.21,122862.48,2641145.04,0,PHASE1_ASCENT
93.10,10490.64,15346.32,-589421.85,398.66,121883.44,2645682.21,0,PHASE1_ASCENT
94.10,10791.13,15871.53,-589047.21,408.34,120903.63,2650078.12,0,PHASE1_ASCENT
95.10,11098.09,16414.18,-588655.02,418.26,119923.06,2654332.34,0,PHASE1_ASCENT
96.10,11411.69,16975.05,-588244.30,428.43,118941.76,2658444.66,0,PHASE1_ASCENT
97.10,11732.06,17554.92,-587814.01,438.85,117959.76,2662415.10,0,PHASE1_ASCENT
98.10,12059.35,18154.65,-587363.05,449.54,116977.09,2666243.94,0,PHASE1_ASCENT
99.10,12393.73,18775.13,-586890.25,460.50,115993.76,2669931.69,0,PHASE1_ASCENT
100.10,12735.34,19417.31,-586394.37,471.75,115009.81,2673479.08,0,PHASE1_ASCENT
101.10,13084.35,20082.20,-585874.11,483.28,114025.27,2676887.06,0,PHASE1_ASCENT
102.10,13440.93,20770.86,-585328.08,495.10,113040.14,2680156.84,0,PHASE1_ASCENT
103.10,13805.26,21484.40,-584754.80,507.23,112054.47,2683289.79,0,PHASE1_ASCENT
104.10,14177.51,22224.01,-584152.72,519.68,111068.27,2686287.54,0,PHASE1_ASCENT
105.10,14557.85,22990.95,-583520.20,532.45,110081.56,2689151.89,0,PHASE1_ASCENT
106.10,14946.48,23786.54,-582855.49,545.55,109094.38,2691884.86,0,PHASE1_ASCENT
107.10,15343.59,24612.21,-582156.74,558.99,108106.74,2694488.63,0,PHASE1_ASCENT
108.10,15749.36,25469.42,-581422.01,572.78,107118.66,2696965.60,0,PHASE1_ASCENT
109.10,16164.01,26359.79,-580649.22,586.93,106130.18,2699318.31,0,PHASE1_ASCENT
110.10,16587.72,27284.97,-579836.19,601.45,105141.30,2701549.47,0,PHASE1_ASCENT
111.10,17020.71,28246.76,-578980.60,616.34,104152.05,2703661.95,0,PHASE1_ASCENT
112.10,17463.18,29247.05,-578080.00,631.62,103162.45,2705658.76,0,PHASE1_ASCENT
113.10,17915.36,30287.86,-577131.81,647.29,102172.52,2707543.04,0,PHASE1_ASCENT
114.10,18377.46,31371.32,-576133.29,663.37,101182.29,2709318.05,0,PHASE1_ASCENT
115.10,18849.71,32499.73,-575081.53,679.85,100191.75,2710987.15,0,PHASE1_ASCENT
116.10,19332.33,33675.52,-573973.48,696.76,99200.95,2712553.82,0,PHASE1_ASCENT
117.10,19825.54,34901.28,-572805.90,714.09,98209.88,2714021.61,0,PHASE1_ASCENT
118.10,20329.59,36179.79,-571575.36,731.86,97218.58,2715394.13,0,PHASE1_ASCENT
119.10,20844.72,37514.01,-570278.23,750.08,96227.05,2716675.07,0,PHASE1_ASCENT
120.10,21371.15,38907.13,-568910.69,768.75,95235.31,2717868.14,0,PHASE1_ASCENT
121.10,21909.14,40362.55,-567468.69,787.88,94243.38,2718977.11,0,PHASE1_ASCENT
122.10,22458.93,41883.93,-565947.94,807.48,93251.27,2720005.75,0,PHASE1_ASCENT
123.10,23020.77,43475.21,-564343.91,827.55,92258.99,2720957.84,0,PHASE1_ASCENT
124.10,23594.91,45140.63,-562651.80,848.11,91266.55,2721837.14,0,PHASE1_ASCENT
125.10,24181.61,46884.78,-560866.54,869.16,90273.97,2722647.40,0,PHASE1_ASCENT
126.10,24781.11,48712.59,-558982.75,890.71,89281.26,2723392.34,0,PHASE1_ASCENT
127.10,25393.69,50629.45,-556994.76,912.76,88288.43,2724075.62,0,PHASE1_ASCENT
128.10,26019.60,52641.19,-554896.53,935.33,87295.49,2724700.84,0,PHASE1_ASCENT
129.10,26656.06,54146.77,-553759.92,947.57,60835.99,1300000.00,1,PHASE2_CENTER
130.10,27300.74,55705.51,-552695.01,959.45,60421.45,1300000.00,1,PHASE2_CENTER
131.10,27954.04,57328.63,-551587.69,971.71,60006.96,1300000.00,1,PHASE2_CENTER
132.10,28616.28,59018.52,-550437.94,984.33,59592.51,1300000.00,1,PHASE2_CENTER
133.10,29287.75,60777.75,-549245.65,997.30,59178.09,1300000.00,1,PHASE2_CENTER
134.10,29968.78,62609.08,-548010.68,1010.61,58763.71,1300000.00,1,PHASE2_CENTER
135.10,30659.65,64515.47,-546732.82,1024.25,58349.36,1300000.00,1,PHASE2_CENTER
136.10,31360.66,66500.09,-545411.82,1038.21,57935.04,1300000.00,1,PHASE2_CENTER
137.10,32072.10,68566.32,-544047.37,1052.48,57520.74,1300000.00,1,PHASE2_CENTER
138.10,32794.24,70717.79,-542639.14,1067.05,57106.46,1300000.00,1,PHASE2_CENTER
139.10,33527.39,72958.34,-541186.76,1081.92,56692.20,1300000.00,1,PHASE2_CENTER
140.10,34271.80,75292.09,-539689.81,1097.07,56277.96,1300000.00,1,PHASE2_CENTER
141.10,35027.75,77723.43,-538147.85,1112.51,55863.73,1300000.00,1,PHASE2_CENTER
142.10,35795.53,80257.07,-536560.39,1128.23,55449.52,1300000.00,1,PHASE2_CENTER
143.10,36575.38,82898.00,-534926.93,1144.21,55035.32,1300000.00,1,PHASE2_CENTER
144.10,37367.60,85651.58,-533246.91,1160.46,54621.13,1300000.00,1,PHASE2_CENTER
145.10,38172.43,88523.53,-531519.77,1176.98,54206.95,1300000.00,1,PHASE2_CENTER
146.10,38990.15,91519.99,-529744.89,1193.75,53792.78,1300000.00,1,PHASE2_CENTER
147.10,39821.02,94647.50,-527921.65,1210.78,53378.62,1300000.00,1,PHASE2_CENTER
148.10,40665.30,97913.10,-526049.37,1228.07,52964.46,1300000.00,1,PHASE2_CENTER
149.10,41523.27,101324.33,-524127.38,1245.60,52550.31,1300000.00,1,PHASE2_CENTER
150.10,42395.18,104889.28,-522154.95,1263.39,52136.16,1300000.00,1,PHASE2_CENTER
151.10,43281.30,108616.65,-520131.34,1281.42,51722.02,1300000.00,1,PHASE2_CENTER
152.10,44181.89,112515.79,-518055.80,1299.71,51307.88,1300000.00,1,PHASE2_CENTER
153.10,45097.23,116596.77,-515927.54,1318.24,50893.74,1300000.00,1,PHASE2_CENTER
154.10,46027.57,120870.45,-513745.74,1337.01,50479.61,1300000.00,1,PHASE2_CENTER
155.10,46973.20,125348.54,-511509.61,1356.04,50065.48,1300000.00,1,PHASE2_CENTER
156.10,47934.37,130043.68,-509218.30,1375.31,49651.35,1300000.00,1,PHASE2_CENTER
157.10,48911.37,134969.54,-506870.98,1394.84,49237.22,1300000.00,1,PHASE2_CENTER
158.10,49904.47,140140.94,-504466.81,1414.61,48823.10,1300000.00,1,PHASE2_CENTER
159.10,50913.95,145573.90,-502004.94,1434.64,48408.97,1300000.00,1,PHASE2_CENTER
160.10,51940.09,151285.83,-499484.55,1454.93,47994.85,1300000.00,1,PHASE2_CENTER
161.10,52983.17,157295.65,-496904.80,1475.47,47580.72,1300000.00,1,PHASE2_CENTER
162.10,54043.48,163623.90,-494264.89,1496.27,47166.60,1300000.00,1,PHASE2_CENTER
163.10,55121.32,170293.00,-491564.06,1517.33,46752.48,1300000.00,1,PHASE2_CENTER
164.10,56216.98,177327.39,-488801.55,1538.66,46338.36,1300000.00,1,PHASE2_CENTER
165.10,57330.75,184753.75,-485976.69,1560.26,45924.24,1300000.00,1,PHASE2_CENTER
166.10,58462.94,192601.28,-483088.81,1582.13,45510.12,1300000.00,1,PHASE2_CENTER
167.10,59613.61,200047.66,-480436.79,1601.46,14200.00,0.00,2,PHASE3_COAST
168.10,60767.49,200022.04,-480449.38,1595.56,14200.00,0.00,2,PHASE3_COAST
169.10,61915.77,200001.29,-480459.59,1589.71,14200.00,0.00,2,PHASE3_COAST
170.10,63058.47,199984.44,-480467.87,1583.89,14200.00,0.00,2,PHASE3_COAST
171.10,64195.62,199970.71,-480474.60,1578.11,14200.00,0.00,2,PHASE3_COAST
172.10,65327.24,199959.49,-480480.06,1572.37,14200.00,0.00,2,PHASE3_COAST
173.10,66453.36,199950.27,-480484.51,1566.66,14200.00,0.00,2,PHASE3_COAST
174.10,67573.98,199942.67,-480488.13,1560.99,14200.00,0.00,2,PHASE3_COAST
175.10,68689.13,199936.36,-480491.08,1555.34,14200.00,0.00,2,PHASE3_COAST
176.10,69798.82,199931.10,-480493.49,1549.73,14200.00,0.00,2,PHASE3_COAST
177.10,70903.08,199929.46,-480493.90,1544.16,14200.00,0.00,2,PHASE3_COAST
178.10,72001.93,199928.60,-480493.88,1538.61,14200.00,0.00,2,PHASE3_COAST
179.10,73095.37,199927.74,-480493.86,1533.09,14200.00,0.00,2,PHASE3_COAST
180.10,74183.43,199926.89,-480493.84,1527.59,14200.00,0.00,2,PHASE3_COAST
181.10,75266.12,199926.05,-480493.82,1522.12,14200.00,0.00,2,PHASE3_COAST
182.10,76343.44,199925.22,-480493.80,1516.68,14200.00,0.00,2,PHASE3_COAST
183.10,77415.42,199924.40,-480493.79,1511.26,14200.00,0.00,2,PHASE3_COAST
184.10,78482.06,199923.58,-480493.77,1505.87,14200.00,0.00,2,PHASE3_COAST
185.10,79543.38,199922.77,-480493.75,1500.50,14200.00,0.00,2,PHASE3_COAST
186.10,80599.40,199921.97,-480493.73,1495.15,14200.00,0.00,2,PHASE3_COAST
187.10,81650.12,199921.17,-480493.71,1489.83,14200.00,0.00,2,PHASE3_COAST
188.10,82695.56,199920.38,-480493.70,1484.53,14200.00,0.00,2,PHASE3_COAST
189.10,83735.72,199919.60,-480493.68,1479.26,14200.00,0.00,2,PHASE3_COAST
190.10,84770.64,199918.83,-480493.66,1474.01,14200.00,0.00,2,PHASE3_COAST
191.10,85800.30,199918.06,-480493.64,1468.79,14200.00,0.00,2,PHASE3_COAST
192.10,86824.74,199917.30,-480493.63,1463.59,14200.00,0.00,2,PHASE3_COAST
193.10,87843.95,199916.55,-480493.61,1458.41,14200.00,0.00,2,PHASE3_COAST
194.10,88857.96,199915.80,-480493.59,1453.26,14200.00,0.00,2,PHASE3_COAST
195.10,89866.77,199915.06,-480493.58,1448.13,14200.00,0.00,2,PHASE3_COAST
196.10,90870.40,199914.32,-480493.56,1443.02,14200.00,0.00,2,PHASE3_COAST
197.10,91868.85,199913.60,-480493.54,1437.94,14200.00,0.00,2,PHASE3_COAST
198.10,92862.14,199912.87,-480493.53,1432.88,14200.00,0.00,2,PHASE3_COAST
199.10,93850.29,199912.16,-480493.51,1427.85,14200.00,0.00,2,PHASE3_COAST
200.10,94833.30,199911.45,-480493.50,1422.83,14200.00,0.00,2,PHASE3_COAST
201.10,95811.18,199910.74,-480493.48,1417.84,14200.00,0.00,2,PHASE3_COAST
202.10,96783.95,199910.05,-480493.47,1412.87,14200.00,0.00,2,PHASE3_COAST
203.10,97751.61,199909.35,-480493.45,1407.93,14200.00,0.00,2,PHASE3_COAST
204.10,98714.18,199908.67,-480493.43,1403.01,14200.00,0.00,2,PHASE3_COAST
205.10,99671.67,199907.99,-480493.42,1398.11,14200.00,0.00,2,PHASE3_COAST
206.10,100624.09,199907.31,-480493.40,1393.23,14200.00,0.00,2,PHASE3_COAST
207.10,101571.45,199906.64,-480493.39,1388.37,14200.00,0.00,2,PHASE3_COAST
208.10,102513.77,199905.98,-480493.37,1383.54,14200.00,0.00,2,PHASE3_COAST
209.10,103451.04,199905.32,-480493.36,1378.73,14200.00,0.00,2,PHASE3_COAST
210.10,104383.29,199904.66,-480493.35,1373.94,14200.00,0.00,2,PHASE3_COAST
211.10,105310.52,199904.02,-480493.33,1369.17,14200.00,0.00,2,PHASE3_COAST
212.10,106232.74,199903.37,-480493.32,1364.43,14200.00,0.00,2,PHASE3_COAST
213.10,107149.97,199902.73,-480493.30,1359.70,14200.00,0.00,2,PHASE3_COAST
214.10,108062.21,199902.10,-480493.29,1355.00,14200.00,0.00,2,PHASE3_COAST
215.10,108969.48,199901.47,-480493.27,1350.32,14200.00,0.00,2,PHASE3_COAST
216.10,109871.78,199900.85,-480493.26,1345.66,14200.00,0.00,2,PHASE3_COAST
217.10,110769.13,199900.23,-480493.25,1341.02,14200.00,0.00,2,PHASE3_COAST
218.10,111661.53,199899.62,-480493.23,1336.41,14200.00,0.00,2,PHASE3_COAST
219.10,112548.99,199899.01,-480493.22,1331.81,14200.00,0.00,2,PHASE3_COAST
220.10,113431.53,199898.40,-480493.21,1327.24,14200.00,0.00,2,PHASE3_COAST
221.10,114309.15,199897.80,-480493.19,1322.69,14200.00,0.00,2,PHASE3_COAST
222.10,115181.87,199897.21,-480493.18,1318.16,14200.00,0.00,2,PHASE3_COAST
223.10,116049.68,199896.62,-480493.17,1313.65,14200.00,0.00,2,PHASE3_COAST
224.10,116912.62,199896.03,-480493.15,1309.16,14200.00,0.00,2,PHASE3_COAST
225.10,117770.67,199895.45,-480493.14,1304.69,14200.00,0.00,2,PHASE3_COAST
226.10,118623.85,199894.87,-480493.13,1300.24,14200.00,0.00,2,PHASE3_COAST
227.10,119472.17,199894.30,-480493.11,1295.82,14200.00,0.00,2,PHASE3_COAST
228.10,120315.65,199893.73,-480493.10,1291.41,14200.00,0.00,2,PHASE3_COAST
229.10,121154.28,199893.16,-480493.09,1287.03,14200.00,0.00,2,PHASE3_COAST
230.10,121988.07,199892.60,-480493.08,1282.66,14200.00,0.00,2,PHASE3_COAST
231.10,122817.05,199892.05,-480493.06,1278.32,14200.00,0.00,2,PHASE3_COAST
232.10,123641.21,199891.49,-480493.05,1274.00,14200.00,0.00,2,PHASE3_COAST
233.10,124460.56,199890.94,-480493.04,1269.70,14200.00,0.00,2,PHASE3_COAST
234.10,125275.12,199890.40,-480493.03,1265.41,14200.00,0.00,2,PHASE3_COAST
235.10,126084.88,199889.86,-480493.01,1261.15,14200.00,0.00,2,PHASE3_COAST
236.10,126889.87,199889.32,-480493.00,1256.91,14200.00,0.00,2,PHASE3_COAST
237.10,127690.08,199888.79,-480492.99,1252.69,14200.00,0.00,2,PHASE3_COAST
238.10,128485.53,199888.26,-480492.98,1248.49,14200.00,0.00,2,PHASE3_COAST
239.10,129276.22,199887.73,-480492.97,1244.31,14200.00,0.00,2,PHASE3_COAST
240.10,130062.17,199887.21,-480492.96,1240.15,14200.00,0.00,2,PHASE3_COAST
241.10,130843.38,199886.69,-480492.94,1236.01,14200.00,0.00,2,PHASE3_COAST
242.10,131619.86,199886.17,-480492.93,1231.90,14200.00,0.00,2,PHASE3_COAST
243.10,132391.61,199885.66,-480492.92,1227.80,14200.00,0.00,2,PHASE3_COAST
244.10,133158.66,199885.15,-480492.91,1223.72,14200.00,0.00,2,PHASE3_COAST
245.10,133920.99,199884.65,-480492.90,1219.66,14200.00,0.00,2,PHASE3_COAST
246.10,134678.62,199884.14,-480492.89,1215.62,14200.00,0.00,2,PHASE3_COAST
247.10,135431.57,199883.65,-480492.88,1211.60,14200.00,0.00,2,PHASE3_COAST
248.10,136179.83,199883.15,-480492.86,1207.61,14200.00,0.00,2,PHASE3_COAST
249.10,136923.41,199882.66,-480492.85,1203.63,14200.00,0.00,2,PHASE3_COAST
250.10,137662.33,199882.17,-480492.84,1199.67,14200.00,0.00,2,PHASE3_COAST
251.10,138396.58,199881.68,-480492.83,1195.73,14200.00,0.00,2,PHASE3_COAST
252.10,139126.18,199881.20,-480492.82,1191.81,14200.00,0.00,2,PHASE3_COAST
253.10,139851.14,199880.72,-480492.81,1187.91,14200.00,0.00,2,PHASE3_COAST
254.10,140571.46,199880.25,-480492.80,1184.04,14200.00,0.00,2,PHASE3_COAST
255.10,141287.14,199879.77,-480492.79,1180.18,14200.00,0.00,2,PHASE3_COAST
256.10,141998.21,199879.30,-480492.78,1176.34,14200.00,0.00,2,PHASE3_COAST
257.10,142704.65,199878.83,-480492.77,1172.52,14200.00,0.00,2,PHASE3_COAST
258.10,143406.49,199878.37,-480492.76,1168.72,14200.00,0.00,2,PHASE3_COAST
259.10,144103.72,199877.91,-480492.75,1164.94,14200.00,0.00,2,PHASE3_COAST
260.10,144796.35,199877.45,-480492.74,1161.18,14200.00,0.00,2,PHASE3_COAST
261.10,145484.40,199876.99,-480492.73,1157.45,14200.00,0.00,2,PHASE3_COAST
262.10,146167.86,199876.54,-480492.72,1153.73,14200.00,0.00,2,PHASE3_COAST
263.10,146846.75,199876.09,-480492.71,1150.03,14200.00,0.00,2,PHASE3_COAST
264.10,147521.07,199875.64,-480492.70,1146.35,14200.00,0.00,2,PHASE3_COAST
265.10,148190.83,199875.20,-480492.69,1142.69,14200.00,0.00,2,PHASE3_COAST
266.10,148856.04,199874.75,-480492.68,1139.05,14200.00,0.00,2,PHASE3_COAST
267.10,149516.69,199874.31,-480492.67,1135.43,14200.00,0.00,2,PHASE3_COAST
268.10,150172.80,199873.88,-480492.66,1131.83,14200.00,0.00,2,PHASE3_COAST
269.10,150824.37,199873.44,-480492.65,1128.25,14200.00,0.00,2,PHASE3_COAST
270.10,151471.42,199873.01,-480492.64,1124.69,14200.00,0.00,2,PHASE3_COAST
271.10,152113.94,199872.58,-480492.63,1121.15,14200.00,0.00,2,PHASE3_COAST
272.10,152751.95,199872.15,-480492.62,1117.63,14200.00,0.00,2,PHASE3_COAST
273.10,153385.44,199871.73,-480492.61,1114.13,14200.00,0.00,2,PHASE3_COAST
274.10,154014.43,199871.31,-480492.60,1110.64,14200.00,0.00,2,PHASE3_COAST
275.10,154638.92,199870.89,-480492.59,1107.18,14200.00,0.00,2,PHASE3_COAST
276.10,155258.92,199870.47,-480492.58,1103.74,14200.00,0.00,2,PHASE3_COAST
277.10,155874.43,199870.05,-480492.57,1100.32,14200.00,0.00,2,PHASE3_COAST
278.10,156485.46,199869.64,-480492.56,1096.92,14200.00,0.00,2,PHASE3_COAST
279.10,157092.01,199869.23,-480492.55,1093.54,14200.00,0.00,2,PHASE3_COAST
280.10,157694.10,199868.82,-480492.54,1090.18,14200.00,0.00,2,PHASE3_COAST
281.10,158291.72,199868.41,-480492.54,1086.84,14200.00,0.00,2,PHASE3_COAST
282.10,158884.88,199868.01,-480492.53,1083.52,14200.00,0.00,2,PHASE3_COAST
283.10,159473.60,199867.61,-480492.52,1080.22,14200.00,0.00,2,PHASE3_COAST
284.10,160057.86,199867.21,-480492.51,1076.94,14200.00,0.00,2,PHASE3_COAST
285.10,160637.69,199866.81,-480492.50,1073.67,14200.00,0.00,2,PHASE3_COAST
286.10,161213.08,199866.41,-480492.49,1070.43,14200.00,0.00,2,PHASE3_COAST
287.10,161784.03,199866.02,-480492.48,1067.21,14200.00,0.00,2,PHASE3_COAST
288.10,162350.57,199865.63,-480492.47,1064.01,14200.00,0.00,2,PHASE3_COAST
289.10,162912.69,199865.24,-480492.47,1060.83,14200.00,0.00,2,PHASE3_COAST
290.10,163470.39,199864.85,-480492.46,1057.67,14200.00,0.00,2,PHASE3_COAST
291.10,164023.68,199864.46,-480492.45,1054.53,14200.00,0.00,2,PHASE3_COAST
292.10,164572.57,199864.08,-480492.44,1051.42,14200.00,0.00,2,PHASE3_COAST
293.10,165117.06,199863.70,-480492.43,1048.32,14200.00,0.00,2,PHASE3_COAST
294.10,165657.16,199863.32,-480492.42,1045.24,14200.00,0.00,2,PHASE3_COAST
295.10,166192.87,199862.94,-480492.41,1042.18,14200.00,0.00,2,PHASE3_COAST
296.10,166724.19,199862.56,-480492.41,1039.14,14200.00,0.00,2,PHASE3_COAST
297.10,167251.14,199862.19,-480492.40,1036.12,14200.00,0.00,2,PHASE3_COAST
298.10,167773.72,199861.81,-480492.39,1033.13,14200.00,0.00,2,PHASE3_COAST
299.10,168291.92,199861.44,-480492.38,1030.15,14200.00,0.00,2,PHASE3_COAST
300.10,168805.76,199861.07,-480492.37,1027.20,14200.00,0.00,2,PHASE3_COAST
301.10,169315.25,199860.70,-480492.36,1024.26,14200.00,0.00,2,PHASE3_COAST
302.10,169820.37,199860.34,-480492.36,1021.35,14200.00,0.00,2,PHASE3_COAST
303.10,170321.15,199859.97,-480492.35,1018.45,14200.00,0.00,2,PHASE3_COAST
304.10,170817.59,199859.61,-480492.34,1015.58,14200.00,0.00,2,PHASE3_COAST
305.10,171309.68,199859.25,-480492.33,1012.73,14200.00,0.00,2,PHASE3_COAST
306.10,171797.44,199858.89,-480492.32,1009.90,14200.00,0.00,2,PHASE3_COAST
307.10,172280.86,199858.53,-480492.32,1007.09,14200.00,0.00,2,PHASE3_COAST
308.10,172759.96,199858.18,-480492.31,1004.30,14200.00,0.00,2,PHASE3_COAST
309.10,173234.74,199857.82,-480492.30,1001.53,14200.00,0.00,2,PHASE3_COAST
310.10,173705.20,199857.47,-480492.29,998.78,14200.00,0.00,2,PHASE3_COAST
311.10,174171.34,199857.12,-480492.28,996.06,14200.00,0.00,2,PHASE3_COAST
312.10,174633.17,199856.77,-480492.28,993.35,14200.00,0.00,2,PHASE3_COAST
313.10,175090.70,199856.42,-480492.27,990.67,14200.00,0.00,2,PHASE3_COAST
314.10,175543.93,199856.07,-480492.26,988.00,14200.00,0.00,2,PHASE3_COAST
315.10,175992.86,199855.72,-480492.25,985.36,14200.00,0.00,2,PHASE3_COAST
316.10,176437.49,199855.38,-480492.24,982.74,14200.00,0.00,2,PHASE3_COAST
317.10,176877.84,199855.04,-480492.24,980.14,14200.00,0.00,2,PHASE3_COAST
318.10,177313.90,199854.69,-480492.23,977.57,14200.00,0.00,2,PHASE3_COAST
319.10,177745.68,199854.35,-480492.22,975.01,14200.00,0.00,2,PHASE3_COAST
320.10,178173.18,199854.02,-480492.21,972.48,14200.00,0.00,2,PHASE3_COAST
321.10,178596.41,199853.68,-480492.21,969.96,14200.00,0.00,2,PHASE3_COAST
322.10,179015.37,199853.34,-480492.20,967.47,14200.00,0.00,2,PHASE3_COAST
323.10,179430.06,199853.01,-480492.19,965.00,14200.00,0.00,2,PHASE3_COAST
324.10,179840.49,199852.67,-480492.18,962.56,14200.00,0.00,2,PHASE3_COAST
325.10,180246.66,199852.34,-480492.18,960.13,14200.00,0.00,2,PHASE3_COAST
326.10,180648.58,199852.01,-480492.17,957.73,14200.00,0.00,2,PHASE3_COAST
327.10,181046.24,199851.68,-480492.16,955.34,14200.00,0.00,2,PHASE3_COAST
328.10,181439.66,199851.35,-480492.16,952.98,14200.00,0.00,2,PHASE3_COAST
329.10,181828.83,199851.02,-480492.15,950.65,14200.00,0.00,2,PHASE3_COAST
330.10,182213.76,199850.70,-480492.14,948.33,14200.00,0.00,2,PHASE3_COAST
331.10,182594.45,199850.37,-480492.13,946.04,14200.00,0.00,2,PHASE3_COAST
332.10,182970.91,199850.05,-480492.13,943.77,14200.00,0.00,2,PHASE3_COAST
333.10,183343.14,199849.72,-480492.12,941.52,14200.00,0.00,2,PHASE3_COAST
334.10,183711.14,199849.40,-480492.11,939.29,14200.00,0.00,2,PHASE3_COAST
335.10,184074.91,199849.08,-480492.10,937.09,14200.00,0.00,2,PHASE3_COAST
336.10,184434.47,199848.76,-480492.10,934.91,14200.00,0.00,2,PHASE3_COAST
337.10,184789.81,199848.44,-480492.09,932.75,14200.00,0.00,2,PHASE3_COAST
338.10,185140.93,199848.12,-480492.08,930.61,14200.00,0.00,2,PHASE3_COAST
339.10,185487.84,199847.81,-480492.08,928.50,14200.00,0.00,2,PHASE3_COAST
340.10,185830.54,199847.49,-480492.07,926.41,14200.00,0.00,2,PHASE3_COAST
341.10,186169.03,199847.18,-480492.06,924.34,14200.00,0.00,2,PHASE3_COAST
342.10,186503.33,199846.86,-480492.05,922.29,14200.00,0.00,2,PHASE3_COAST
343.10,186833.42,199846.55,-480492.05,920.27,14200.00,0.00,2,PHASE3_COAST
344.10,187159.32,199846.24,-480492.04,918.27,14200.00,0.00,2,PHASE3_COAST
345.10,187481.02,199845.93,-480492.03,916.29,14200.00,0.00,2,PHASE3_COAST
346.10,187798.53,199845.62,-480492.03,914.34,14200.00,0.00,2,PHASE3_COAST
347.10,188111.85,199845.31,-480492.02,912.41,14200.00,0.00,2,PHASE3_COAST
348.10,188420.99,199845.00,-480492.01,910.51,14200.00,0.00,2,PHASE3_COAST
349.10,188725.94,199844.70,-480492.01,908.62,14200.00,0.00,2,PHASE3_COAST
350.10,189026.71,199844.39,-480492.00,906.76,14200.00,0.00,2,PHASE3_COAST
351.10,189323.31,199844.08,-480491.99,904.93,14200.00,0.00,2,PHASE3_COAST
352.10,189615.73,199843.78,-480491.99,903.11,14200.00,0.00,2,PHASE3_COAST
353.10,189903.98,199843.48,-480491.98,901.33,14200.00,0.00,2,PHASE3_COAST
354.10,190188.05,199843.17,-480491.97,899.56,14200.00,0.00,2,PHASE3_COAST
355.10,190467.96,199842.87,-480491.97,897.82,14200.00,0.00,2,PHASE3_COAST
356.10,190743.71,199842.57,-480491.96,896.10,14200.00,0.00,2,PHASE3_COAST
357.10,191015.29,199842.27,-480491.95,894.41,14200.00,0.00,2,PHASE3_COAST
358.10,191282.71,199841.97,-480491.95,892.74,14200.00,0.00,2,PHASE3_COAST
359.10,191545.97,199841.67,-480491.94,891.09,14200.00,0.00,2,PHASE3_COAST
360.10,191805.08,199841.37,-480491.93,889.47,14200.00,0.00,2,PHASE3_COAST
361.10,192060.03,199841.07,-480491.93,887.87,14200.00,0.00,2,PHASE3_COAST
362.10,192310.83,199840.78,-480491.92,886.30,14200.00,0.00,2,PHASE3_COAST
363.10,192557.48,199840.48,-480491.91,884.75,14200.00,0.00,2,PHASE3_COAST
364.10,192799.99,199840.19,-480491.91,883.22,14200.00,0.00,2,PHASE3_COAST
365.10,193038.34,199839.89,-480491.90,881.72,14200.00,0.00,2,PHASE3_COAST
366.10,193272.56,199839.60,-480491.89,880.25,14200.00,0.00,2,PHASE3_COAST
367.10,193502.64,199839.30,-480491.89,878.80,14200.00,0.00,2,PHASE3_COAST
368.10,193728.57,199839.01,-480491.88,877.37,14200.00,0.00,2,PHASE3_COAST
369.10,193950.37,199838.72,-480491.87,875.97,14200.00,0.00,2,PHASE3_COAST
370.10,194168.03,199838.43,-480491.87,874.59,14200.00,0.00,2,PHASE3_COAST
371.10,194381.56,199838.14,-480491.86,873.24,14200.00,0.00,2,PHASE3_COAST
372.10,194590.96,199837.85,-480491.85,871.91,14200.00,0.00,2,PHASE3_COAST
373.10,194796.23,199837.56,-480491.85,870.61,14200.00,0.00,2,PHASE3_COAST
374.10,194997.37,199837.27,-480491.84,869.33,14200.00,0.00,2,PHASE3_COAST
375.10,195194.38,199836.98,-480491.83,868.08,14200.00,0.00,2,PHASE3_COAST
376.10,195387.27,199836.69,-480491.83,866.85,14200.00,0.00,2,PHASE3_COAST
377.10,195576.04,199836.40,-480491.82,865.64,14200.00,0.00,2,PHASE3_COAST
378.10,195760.69,199836.11,-480491.81,864.47,14200.00,0.00,2,PHASE3_COAST
379.10,195941.21,199835.83,-480491.81,863.31,14200.00,0.00,2,PHASE3_COAST
380.10,196117.62,199835.54,-480491.80,862.19,14200.00,0.00,2,PHASE3_COAST
381.10,196289.91,199835.26,-480491.80,861.09,14200.00,0.00,2,PHASE3_COAST
382.10,196458.08,199834.97,-480491.79,860.01,14200.00,0.00,2,PHASE3_COAST
383.10,196622.14,199834.69,-480491.78,858.96,14200.00,0.00,2,PHASE3_COAST
384.10,196782.09,199834.40,-480491.78,857.93,14200.00,0.00,2,PHASE3_COAST
385.10,196937.93,199834.12,-480491.77,856.93,14200.00,0.00,2,PHASE3_COAST
386.10,197099.48,201723.08,-460089.52,937.70,13845.44,3000000.00,2,PHASE3_CIRC
387.10,197342.99,210238.85,-394994.45,1152.61,12959.03,3000000.00,2,PHASE3_CIRC
388.10,197690.69,229726.09,-302440.94,1384.83,12072.62,3000000.00,2,PHASE3_CIRC
389.10,198151.65,282453.19,-173347.95,1636.19,11186.22,3000000.00,2,PHASE3_CIRC
390.10,198736.53,469068.73,-28790.58,1909.35,10299.81,3000000.00,2,PHASE3_CIRC
391.10,199408.84,550301.00,-5267.52,1967.75,10200.00,0.00,2,PHASE3_COAST
392.10,200082.97,550300.60,-5267.42,1965.88,10200.00,0.00,2,PHASE3_COAST
393.10,200756.99,550300.19,-5267.31,1964.01,10200.00,0.00,2,PHASE3_COAST
394.10,201430.90,550299.79,-5267.20,1962.14,10200.00,0.00,2,PHASE3_COAST
395.10,202104.69,550299.38,-5267.09,1960.28,10200.00,0.00,2,PHASE3_COAST
396.10,202778.35,550298.98,-5266.98,1958.42,10200.00,0.00,2,PHASE3_COAST
397.10,203451.89,550298.57,-5266.87,1956.55,10200.00,0.00,2,PHASE3_COAST
398.10,204125.29,550298.16,-5266.77,1954.70,10200.00,0.00,2,PHASE3_COAST
399.10,204798.56,550297.76,-5266.66,1952.84,10200.00,0.00,2,PHASE3_COAST
400.10,205471.69,550297.35,-5266.55,1950.98,10200.00,0.00,2,PHASE3_COAST
401.10,206144.67,550296.94,-5266.44,1949.13,10200.00,0.00,2,PHASE3_COAST
402.10,206817.51,550296.54,-5266.33,1947.28,10200.00,0.00,2,PHASE3_COAST
403.10,207490.19,550296.13,-5266.22,1945.43,10200.00,0.00,2,PHASE3_COAST
404.10,208162.72,550295.72,-5266.11,1943.58,10200.00,0.00,2,PHASE3_COAST
405.10,208835.08,550295.32,-5266.00,1941.73,10200.00,0.00,2,PHASE3_COAST
406.10,209507.28,550294.91,-5265.90,1939.89,10200.00,0.00,2,PHASE3_COAST
407.10,210179.31,550294.50,-5265.79,1938.05,10200.00,0.00,2,PHASE3_COAST
408.10,210851.17,550294.09,-5265.68,1936.21,10200.00,0.00,2,PHASE3_COAST
409.10,211522.85,550293.68,-5265.57,1934.37,10200.00,0.00,2,PHASE3_COAST
410.10,212194.34,550293.28,-5265.46,1932.53,10200.00,0.00,2,PHASE3_COAST
411.10,212865.66,550292.87,-5265.35,1930.69,10200.00,0.00,2,PHASE3_COAST
412.10,213536.78,550292.46,-5265.24,1928.86,10200.00,0.00,2,PHASE3_COAST
413.10,214207.71,550292.05,-5265.13,1927.03,10200.00,0.00,2,PHASE3_COAST
414.10,214878.44,550291.64,-5265.02,1925.20,10200.00,0.00,2,PHASE3_COAST
415.10,215548.97,550291.23,-5264.91,1923.37,10200.00,0.00,2,PHASE3_COAST
416.10,216219.30,550290.83,-5264.80,1921.55,10200.00,0.00,2,PHASE3_COAST
417.10,216889.42,550290.42,-5264.69,1919.72,10200.00,0.00,2,PHASE3_COAST
418.10,217559.32,550290.01,-5264.59,1917.90,10200.00,0.00,2,PHASE3_COAST
419.10,218229.01,550289.60,-5264.48,1916.08,10200.00,0.00,2,PHASE3_COAST
420.10,218898.48,550289.19,-5264.37,1914.26,10200.00,0.00,2,PHASE3_COAST
421.10,219567.73,550288.78,-5264.26,1912.44,10200.00,0.00,2,PHASE3_COAST
422.10,220236.75,550288.37,-5264.15,1910.63,10200.00,0.00,2,PHASE3_COAST
423.10,220905.53,550287.97,-5264.04,1908.82,10200.00,0.00,2,PHASE3_COAST
424.10,221574.08,550287.56,-5263.93,1907.01,10200.00,0.00,2,PHASE3_COAST
425.10,222242.39,550287.15,-5263.82,1905.20,10200.00,0.00,2,PHASE3_COAST
426.10,222910.46,550286.74,-5263.71,1903.39,10200.00,0.00,2,PHASE3_COAST
427.10,223578.29,550286.33,-5263.60,1901.59,10200.00,0.00,2,PHASE3_COAST
428.10,224245.86,550285.92,-5263.49,1899.78,10200.00,0.00,2,PHASE3_COAST
429.10,224913.18,550285.52,-5263.38,1897.98,10200.00,0.00,2,PHASE3_COAST
430.10,225580.24,550285.11,-5263.28,1896.18,10200.00,0.00,2,PHASE3_COAST
431.10,226247.05,550284.70,-5263.17,1894.39,10200.00,0.00,2,PHASE3_COAST
432.10,226913.59,550284.29,-5263.06,1892.59,10200.00,0.00,2,PHASE3_COAST
433.10,227579.86,550283.88,-5262.95,1890.80,10200.00,0.00,2,PHASE3_COAST
434.10,228245.86,550283.48,-5262.84,1889.01,10200.00,0.00,2,PHASE3_COAST
435.10,228911.58,550283.07,-5262.73,1887.22,10200.00,0.00,2,PHASE3_COAST
436.10,229577.03,550282.66,-5262.62,1885.43,10200.00,0.00,2,PHASE3_COAST
437.10,230242.20,550282.25,-5262.51,1883.65,10200.00,0.00,2,PHASE3_COAST
438.10,230907.08,550281.85,-5262.40,1881.86,10200.00,0.00,2,PHASE3_COAST
439.10,231571.67,550281.44,-5262.29,1880.08,10200.00,0.00,2,PHASE3_COAST
440.10,232235.97,550281.03,-5262.19,1878.30,10200.00,0.00,2,PHASE3_COAST
441.10,232899.98,550280.63,-5262.08,1876.52,10200.00,0.00,2,PHASE3_COAST
442.10,233563.69,550280.22,-5261.97,1874.75,10200.00,0.00,2,PHASE3_COAST
443.10,234227.09,550279.81,-5261.86,1872.98,10200.00,0.00,2,PHASE3_COAST
444.10,234890.20,550279.41,-5261.75,1871.21,10200.00,0.00,2,PHASE3_COAST
445.10,235552.99,550279.00,-5261.64,1869.44,10200.00,0.00,2,PHASE3_COAST
446.10,236215.47,550278.60,-5261.53,1867.67,10200.00,0.00,2,PHASE3_COAST
447.10,236877.64,550278.19,-5261.43,1865.90,10200.00,0.00,2,PHASE3_COAST
448.10,237539.48,550277.79,-5261.32,1864.14,10200.00,0.00,2,PHASE3_COAST
449.10,238201.01,550277.38,-5261.21,1862.38,10200.00,0.00,2,PHASE3_COAST
450.10,238862.21,550276.98,-5261.10,1860.62,10200.00,0.00,2,PHASE3_COAST
451.10,239523.09,550276.57,-5260.99,1858.86,10200.00,0.00,2,PHASE3_COAST
452.10,240183.63,550276.17,-5260.89,1857.11,10200.00,0.00,2,PHASE3_COAST
453.10,240843.84,550275.76,-5260.78,1855.36,10200.00,0.00,2,PHASE3_COAST
454.10,241503.71,550275.36,-5260.67,1853.61,10200.00,0.00,2,PHASE3_COAST
455.10,242163.24,550274.96,-5260.56,1851.86,10200.00,0.00,2,PHASE3_COAST
456.10,242822.43,550274.55,-5260.45,1850.11,10200.00,0.00,2,PHASE3_COAST
457.10,243481.27,550274.15,-5260.35,1848.37,10200.00,0.00,2,PHASE3_COAST
458.10,244139.77,550273.75,-5260.24,1846.62,10200.00,0.00,2,PHASE3_COAST
459.10,244797.91,550273.35,-5260.13,1844.88,10200.00,0.00,2,PHASE3_COAST
460.10,245455.69,550272.94,-5260.02,1843.14,10200.00,0.00,2,PHASE3_COAST
461.10,246113.12,550272.54,-5259.92,1841.41,10200.00,0.00,2,PHASE3_COAST
462.10,246770.18,550272.14,-5259.81,1839.67,10200.00,0.00,2,PHASE3_COAST
463.10,247426.88,550271.74,-5259.70,1837.94,10200.00,0.00,2,PHASE3_COAST
464.10,248083.21,550271.34,-5259.59,1836.21,10200.00,0.00,2,PHASE3_COAST
465.10,248739.17,550270.94,-5259.49,1834.48,10200.00,0.00,2,PHASE3_COAST
466.10,249394.76,550270.54,-5259.38,1832.76,10200.00,0.00,2,PHASE3_COAST
467.10,250049.97,550270.14,-5259.27,1831.03,10200.00,0.00,2,PHASE3_COAST
468.10,250704.80,550269.74,-5259.17,1829.31,10200.00,0.00,2,PHASE3_COAST
469.10,251359.25,550269.34,-5259.06,1827.59,10200.00,0.00,2,PHASE3_COAST
470.10,252013.31,550268.94,-5258.95,1825.87,10200.00,0.00,2,PHASE3_COAST
471.10,252666.99,550268.55,-5258.85,1824.16,10200.00,0.00,2,PHASE3_COAST
472.10,253320.27,550268.15,-5258.74,1822.45,10200.00,0.00,2,PHASE3_COAST
473.10,253973.17,550267.75,-5258.64,1820.73,10200.00,0.00,2,PHASE3_COAST
474.10,254625.66,550267.35,-5258.53,1819.03,10200.00,0.00,2,PHASE3_COAST
475.10,255277.76,550266.96,-5258.42,1817.32,10200.00,0.00,2,PHASE3_COAST
476.10,255929.45,550266.56,-5258.32,1815.61,10200.00,0.00,2,PHASE3_COAST
477.10,256580.74,550266.16,-5258.21,1813.91,10200.00,0.00,2,PHASE3_COAST
478.10,257231.62,550265.77,-5258.11,1812.21,10200.00,0.00,2,PHASE3_COAST
479.10,257882.10,550265.37,-5258.00,1810.51,10200.00,0.00,2,PHASE3_COAST
480.10,258532.16,550264.98,-5257.89,1808.81,10200.00,0.00,2,PHASE3_COAST
481.10,259181.80,550264.58,-5257.79,1807.12,10200.00,0.00,2,PHASE3_COAST
482.10,259831.03,550264.19,-5257.68,1805.43,10200.00,0.00,2,PHASE3_COAST
483.10,260479.83,550263.80,-5257.58,1803.74,10200.00,0.00,2,PHASE3_COAST
484.10,261128.21,550263.40,-5257.47,1802.05,10200.00,0.00,2,PHASE3_COAST
485.10,261776.17,550263.01,-5257.37,1800.36,10200.00,0.00,2,PHASE3_COAST
486.10,262423.69,550262.62,-5257.26,1798.68,10200.00,0.00,2,PHASE3_COAST
487.10,263070.79,550262.23,-5257.16,1797.00,10200.00,0.00,2,PHASE3_COAST
488.10,263717.45,550261.83,-5257.05,1795.32,10200.00,0.00,2,PHASE3_COAST
489.10,264363.67,550261.44,-5256.95,1793.64,10200.00,0.00,2,PHASE3_COAST
490.10,265009.46,550261.05,-5256.84,1791.97,10200.00,0.00,2,PHASE3_COAST
491.10,265654.80,550260.66,-5256.74,1790.29,10200.00,0.00,2,PHASE3_COAST
492.10,266299.70,550260.27,-5256.64,1788.62,10200.00,0.00,2,PHASE3_COAST
493.10,266944.16,550259.88,-5256.53,1786.95,10200.00,0.00,2,PHASE3_COAST
494.10,267588.16,550259.50,-5256.43,1785.29,10200.00,0.00,2,PHASE3_COAST
495.10,268231.71,550259.11,-5256.32,1783.62,10200.00,0.00,2,PHASE3_COAST
496.10,268874.81,550258.72,-5256.22,1781.96,10200.00,0.00,2,PHASE3_COAST
497.10,269517.45,550258.33,-5256.12,1780.30,10200.00,0.00,2,PHASE3_COAST
498.10,270159.64,550257.94,-5256.01,1778.64,10200.00,0.00,2,PHASE3_COAST
499.10,270801.36,550257.56,-5255.91,1776.99,10200.00,0.00,2,PHASE3_COAST
500.10,271442.61,550257.17,-5255.81,1775.33,10200.00,0.00,2,PHASE3_COAST
501.10,272083.41,550256.79,-5255.70,1773.68,10200.00,0.00,2,PHASE3_COAST
502.10,272723.73,550256.40,-5255.60,1772.03,10200.00,0.00,2,PHASE3_COAST
503.10,273363.58,550256.02,-5255.50,1770.38,10200.00,0.00,2,PHASE3_COAST
504.10,274002.96,550255.63,-5255.40,1768.74,10200.00,0.00,2,PHASE3_COAST
505.10,274641.86,550255.25,-5255.29,1767.10,10200.00,0.00,2,PHASE3_COAST
506.10,275280.28,550254.87,-5255.19,1765.46,10200.00,0.00,2,PHASE3_COAST
507.10,275918.23,550254.48,-5255.09,1763.82,10200.00,0.00,2,PHASE3_COAST
508.10,276555.69,550254.10,-5254.99,1762.18,10200.00,0.00,2,PHASE3_COAST
509.10,277192.67,550253.72,-5254.88,1760.55,10200.00,0.00,2,PHASE3_COAST
510.10,277829.16,550253.34,-5254.78,1758.91,10200.00,0.00,2,PHASE3_COAST
511.10,278465.16,550252.96,-5254.68,1757.28,10200.00,0.00,2,PHASE3_COAST
512.10,279100.66,550252.58,-5254.58,1755.66,10200.00,0.00,2,PHASE3_COAST
513.10,279735.68,550252.20,-5254.48,1754.03,10200.00,0.00,2,PHASE3_COAST
514.10,280370.20,550251.82,-5254.38,1752.41,10200.00,0.00,2,PHASE3_COAST
515.10,281004.22,550251.44,-5254.28,1750.79,10200.00,0.00,2,PHASE3_COAST
516.10,281637.74,550251.06,-5254.17,1749.17,10200.00,0.00,2,PHASE3_COAST
517.10,282270.75,550250.69,-5254.07,1747.55,10200.00,0.00,2,PHASE3_COAST
518.10,282903.26,550250.31,-5253.97,1745.94,10200.00,0.00,2,PHASE3_COAST
519.10,283535.27,550249.93,-5253.87,1744.32,10200.00,0.00,2,PHASE3_COAST
520.10,284166.76,550249.56,-5253.77,1742.71,10200.00,0.00,2,PHASE3_COAST
521.10,284797.75,550249.18,-5253.67,1741.10,10200.00,0.00,2,PHASE3_COAST
522.10,285428.22,550248.81,-5253.57,1739.50,10200.00,0.00,2,PHASE3_COAST
523.10,286058.17,550248.43,-5253.47,1737.89,10200.00,0.00,2,PHASE3_COAST
524.10,286687.61,550248.06,-5253.37,1736.29,10200.00,0.00,2,PHASE3_COAST
525.10,287316.52,550247.69,-5253.27,1734.69,10200.00,0.00,2,PHASE3_COAST
526.10,287944.92,550247.31,-5253.17,1733.10,10200.00,0.00,2,PHASE3_COAST
527.10,288572.79,550246.94,-5253.07,1731.50,10200.00,0.00,2,PHASE3_COAST
528.10,289200.13,550246.57,-5252.97,1729.91,10200.00,0.00,2,PHASE3_COAST
529.10,289826.95,550246.20,-5252.87,1728.32,10200.00,0.00,2,PHASE3_COAST
530.10,290453.24,550245.83,-5252.77,1726.73,10200.00,0.00,2,PHASE3_COAST
531.10,291078.99,550245.46,-5252.68,1725.14,10200.00,0.00,2,PHASE3_COAST
532.10,291704.21,550245.09,-5252.58,1723.56,10200.00,0.00,2,PHASE3_COAST
533.10,292328.90,550244.72,-5252.48,1721.98,10200.00,0.00,2,PHASE3_COAST
534.10,292953.04,550244.35,-5252.38,1720.40,10200.00,0.00,2,PHASE3_COAST
535.10,293576.65,550243.98,-5252.28,1718.82,10200.00,0.00,2,PHASE3_COAST
536.10,294199.71,550243.62,-5252.18,1717.24,10200.00,0.00,2,PHASE3_COAST
537.10,294822.23,550243.25,-5252.09,1715.67,10200.00,0.00,2,PHASE3_COAST
538.10,295444.21,550242.88,-5251.99,1714.10,10200.00,0.00,2,PHASE3_COAST
539.10,296065.64,550242.52,-5251.89,1712.53,10200.00,0.00,2,PHASE3_COAST
540.10,296686.51,550242.15,-5251.79,1710.96,10200.00,0.00,2,PHASE3_COAST
541.10,297306.84,550241.79,-5251.69,1709.40,10200.00,0.00,2,PHASE3_COAST
542.10,297926.61,550241.43,-5251.60,1707.83,10200.00,0.00,2,PHASE3_COAST
543.10,298545.83,550241.06,-5251.50,1706.27,10200.00,0.00,2,PHASE3_COAST
544.10,299164.49,550240.70,-5251.40,1704.72,10200.00,0.00,2,PHASE3_COAST
545.10,299782.59,550240.34,-5251.31,1703.16,10200.00,0.00,2,PHASE3_COAST
546.10,300400.13,550239.98,-5251.21,1701.61,10200.00,0.00,2,PHASE3_COAST
547.10,301017.10,550239.62,-5251.11,1700.05,10200.00,0.00,2,PHASE3_COAST
548.10,301633.51,550239.25,-5251.02,1698.51,10200.00,0.00,2,PHASE3_COAST
549.10,302249.36,550238.90,-5250.92,1696.96,10200.00,0.00,2,PHASE3_COAST
550.10,302864.64,550238.54,-5250.82,1695.41,10200.00,0.00,2,PHASE3_COAST
551.10,303479.34,550238.18,-5250.73,1693.87,10200.00,0.00,2,PHASE3_COAST
552.10,304093.48,550237.82,-5250.63,1692.33,10200.00,0.00,2,PHASE3_COAST
553.10,304707.04,550237.46,-5250.54,1690.79,10200.00,0.00,2,PHASE3_COAST
554.10,305320.03,550237.10,-5250.44,1689.25,10200.00,0.00,2,PHASE3_COAST
555.10,305932.44,550236.75,-5250.35,1687.72,10200.00,0.00,2,PHASE3_COAST
556.10,306544.27,550236.39,-5250.25,1686.19,10200.00,0.00,2,PHASE3_COAST
557.10,307155.52,550236.04,-5250.16,1684.66,10200.00,0.00,2,PHASE3_COAST
558.10,307766.18,550235.68,-5250.06,1683.13,10200.00,0.00,2,PHASE3_COAST
559.10,308376.27,550235.33,-5249.97,1681.61,10200.00,0.00,2,PHASE3_COAST
560.10,308985.77,550234.98,-5249.87,1680.08,10200.00,0.00,2,PHASE3_COAST
561.10,309594.68,550234.62,-5249.78,1678.56,10200.00,0.00,2,PHASE3_COAST
562.10,310203.00,550234.27,-5249.68,1677.04,10200.00,0.00,2,PHASE3_COAST
563.10,310810.73,550233.92,-5249.59,1675.53,10200.00,0.00,2,PHASE3_COAST
564.10,311417.87,550233.57,-5249.50,1674.01,10200.00,0.00,2,PHASE3_COAST
565.10,312024.41,550233.22,-5249.40,1672.50,10200.00,0.00,2,PHASE3_COAST
566.10,312630.36,550232.87,-5249.31,1670.99,10200.00,0.00,2,PHASE3_COAST
567.10,313235.71,550232.52,-5249.22,1669.48,10200.00,0.00,2,PHASE3_COAST
568.10,313840.47,550232.17,-5249.12,1667.98,10200.00,0.00,2,PHASE3_COAST
569.10,314444.62,550231.82,-5249.03,1666.47,10200.00,0.00,2,PHASE3_COAST
570.10,315048.17,550231.47,-5248.94,1664.97,10200.00,0.00,2,PHASE3_COAST
571.10,315651.12,550231.13,-5248.84,1663.47,10200.00,0.00,2,PHASE3_COAST
572.10,316253.46,550230.78,-5248.75,1661.98,10200.00,0.00,2,PHASE3_COAST
573.10,316855.19,550230.43,-5248.66,1660.48,10200.00,0.00,2,PHASE3_COAST
574.10,317456.32,550230.09,-5248.57,1658.99,10200.00,0.00,2,PHASE3_COAST
575.10,318056.83,550229.74,-5248.47,1657.50,10200.00,0.00,2,PHASE3_COAST
576.10,318656.74,550229.40,-5248.38,1656.01,10200.00,0.00,2,PHASE3_COAST
577.10,319256.03,550229.06,-5248.29,1654.52,10200.00,0.00,2,PHASE3_COAST
578.10,319854.71,550228.71,-5248.20,1653.04,10200.00,0.00,2,PHASE3_COAST
579.10,320452.77,550228.37,-5248.11,1651.56,10200.00,0.00,2,PHASE3_COAST
580.10,321050.21,550228.03,-5248.02,1650.08,10200.00,0.00,2,PHASE3_COAST
581.10,321647.03,550227.69,-5247.92,1648.60,10200.00,0.00,2,PHASE3_COAST
582.10,322243.24,550227.35,-5247.83,1647.13,10200.00,0.00,2,PHASE3_COAST
583.10,322838.82,550227.01,-5247.74,1645.65,10200.00,0.00,2,PHASE3_COAST
584.10,323433.78,550226.67,-5247.65,1644.18,10200.00,0.00,2,PHASE3_COAST
585.10,324028.11,550226.33,-5247.56,1642.71,10200.00,0.00,2,PHASE3_COAST
586.10,324621.82,550225.99,-5247.47,1641.25,10200.00,0.00,2,PHASE3_COAST
587.10,325214.89,550225.65,-5247.38,1639.78,10200.00,0.00,2,PHASE3_COAST
588.10,325807.34,550225.32,-5247.29,1638.32,10200.00,0.00,2,PHASE3_COAST
589.10,326399.16,550224.98,-5247.20,1636.86,10200.00,0.00,2,PHASE3_COAST
590.10,326990.35,550224.65,-5247.11,1635.40,10200.00,0.00,2,PHASE3_COAST
591.10,327580.90,550224.31,-5247.02,1633.95,10200.00,0.00,2,PHASE3_COAST
592.10,328170.82,550223.98,-5246.93,1632.49,10200.00,0.00,2,PHASE3_COAST
593.10,328760.10,550223.64,-5246.84,1631.04,10200.00,0.00,2,PHASE3_COAST
594.10,329348.74,550223.31,-5246.75,1629.59,10200.00,0.00,2,PHASE3_COAST
595.10,329936.75,550222.98,-5246.66,1628.15,10200.00,0.00,2,PHASE3_COAST
596.10,330524.11,550222.64,-5246.58,1626.70,10200.00,0.00,2,PHASE3_COAST
597.10,331110.83,550222.31,-5246.49,1625.26,10200.00,0.00,2,PHASE3_COAST
598.10,331696.91,550221.98,-5246.40,1623.82,10200.00,0.00,2,PHASE3_COAST
599.10,332282.34,550221.65,-5246.31,1622.38,10200.00,0.00,2,PHASE3_COAST
